question,human_answer,ai_answer_without_the_transcript,ai_answer_without_transcript_correctness,ai_answer_with_the_transcript,ai_answer_with_the_transcript_correctness,quality_rating_for_answer_with_transcript,post_url,file_name,question_word_count,human_answer_word_count,ai_answer_without_the_transcript_word_count,ai_answer_with_the_transcript_word_count,question_clean,question_processed,human_answer_clean,human_answer_processed,ai_answer_without_the_transcript_clean,ai_answer_without_the_transcript_processed,ai_answer_with_the_transcript_clean,ai_answer_with_the_transcript_processed,target_encoded,question_n_words,question_n_chars,question_n_sentences,question_avg_word_len,question_avg_sentence_len,question_flesch_reading_ease_proxy,rag_generated_answer,hallucination_proxy_rate
"When did Airbnb go public, what was the price per share","December 9,2020 at $68 per share","Airbnb went public on December 10, 2020. The initial public offering (IPO) price for Airbnb shares was set at $68 per share. However, on its first day of trading, the stock price opened significantly higher, at around $146 per share.",CORRECT,"Airbnb went public in 2020. However, the specific price per share at IPO is not mentioned in the transcript.",INCORRECT,4.0,https://www.acquired.fm/episodes/airbnb,airbnb,11,6,40,19,when did airbnb go public what was the price per share,airbnb go public price per share,december 9 2020 at 68 per share,december 9 2020 68 per share,airbnb went public on december 10 2020 the initial public offering ipo price for airbnb shares was set at 68 per share however on its first day of trading the stock price opened significantly higher at around 146 per share,airbnb went public december 10 2020 initial public offering ipo price airbnb share set 68 per share however first day trading stock price opened significantly higher around 146 per share,airbnb went public in 2020 however the specific price per share at ipo is not mentioned in the transcript,airbnb went public 2020 however specific price per share ipo mentioned transcript,0,11.0,55.0,1.0,5.0,11.0,87.99727272727276,"[Generator LLM not configured]

Most relevant transcript passage:

out of the financial crisis at this point. They go to Greylock, Reid Hoffman leads the Series A. I think this is actually true. We’ll talk about Airbnb’s business model in a minute, but things are going so well. They have more money in the bank than all of the Seed dollars that they raised when they raised the Series A. You’d never hear about this happening. They raised such a small amount of money, but then they did so well that they made more money. Ben: Fame profitable company, Airbnb. David: Indeed, indeed. By early 2011, the next year, they hit a million nights booked. This company has always been great at PR and publicity—probably the legacy of Brian and Joe. They had a million nights booked, it became big national news. This is when Fred Wilson publishes that blog post about how it ",0.0
Why did Wimdu unlike Airbnb not take off?,Wimdu gragmented the marketed focusing mostly on Europe unlike Airbnb whose market focus was both global and local ,"Wimdu faced challenges compared to Airbnb due to timing, market focus, and brand recognition. Airbnb's early establishment, US market dominance, and strong global branding gave it an edge. Investments in user experience and strategic expansion further cemented Airbnb's position, leaving Wimdu struggling to compete effectively.",CORRECT,"Wimdu, similar to Airbnb, was a platform created by the Samwer brothers and Rocket Internet in Germany to clone successful tech business models from Silicon Valley. Despite their aggressive tactics, Wimdu did not succeed because it couldn't match Airbnb's global network effects and the deep trust and brand loyalty Airbnb had cultivated with its hosts and guests. Airbnb had a first-mover advantage, superior brand recognition, and was already operating globally with numerous listings that had accumulated reviews, which are crucial for trust in such platforms.",CORRECT,5.0,https://www.acquired.fm/episodes/airbnb,airbnb,8,18,45,85,why did wimdu unlike airbnb not take off,wimdu unlike airbnb take,wimdu gragmented the marketed focusing mostly on europe unlike airbnb whose market focus was both global and local,wimdu gragmented marketed focusing mostly europe unlike airbnb whose market focus global local,wimdu faced challenges compared to airbnb due to timing market focus and brand recognition airbnb is early establishment us market dominance and strong global branding gave it an edge investments in user experience and strategic expansion further cemented airbnb is position leaving wimdu struggling to compete effectively,wimdu faced challenge compared airbnb due timing market focus brand recognition airbnb early establishment u market dominance strong global branding gave edge investment user experience strategic expansion cemented airbnb position leaving wimdu struggling compete effectively,wimdu similar to airbnb was a platform created by the samwer brothers and rocket internet in germany to clone successful tech business models from silicon valley despite their aggressive tactics wimdu did not succeed because it could not match airbnb is global network effects and the deep trust and brand loyalty airbnb had cultivated with its hosts and guests airbnb had a first mover advantage superior brand recognition and was already operating globally with numerous listings that had accumulated reviews which are crucial for trust in such platforms,wimdu similar airbnb platform created samwer brother rocket internet germany clone successful tech business model silicon valley despite aggressive tactic wimdu succeed could match airbnb global network effect deep trust brand loyalty airbnb cultivated host guest airbnb first mover advantage superior brand recognition already operating globally numerous listing accumulated review crucial trust platform,0,8.0,41.0,1.0,5.125,8.0,71.81500000000001,"[Generator LLM not configured]

Most relevant transcript passage:

They have this brand mote. They have 91% direct traffic that is largely a result of the fact that they did build that unique supply in a unique way to build their brand. Now, it's just about harnessing all of these unfair advantages. That, to me, is the big story here of why they're in their own lane of competition. They're not really competing with the bookings of the world who all are fighting for the existing hotel supply. Although they're trying to bring on the Airbnb-type supply too, that's the biggest bull case. David: I think maybe there are two other dimensions as well. I think that's probably the biggest piece, but one being that coronavirus and COVID has perhaps permanently changed some behaviors just like the part of the DoorDash ball case, perhaps, permanently changed more beha",0.0
What is CUDA's most unique feature?,CUDA has a unified interface which is incredibly flexible and well-supported by a huge community.,CUDAÔs most unique feature is its ability to allow developers to use C++ programming language to write software that can perform parallel computing operations on NVIDIAÔs GPUs efficiently.,INCORRECT,"CUDA's unique feature is enabling developers to fully utilize graphics cards for parallel processing, crucial for AI and other computationally intensive applications.",CORRECT,5.0,https://www.acquired.fm/episodes/nvidia-the-dawn-of-the-ai-era,nvidia_part_iii_the_dawn_of_the_ai_era_20222023,6,15,28,22,what is cuda is most unique feature,cuda unique feature,cuda has a unified interface which is incredibly flexible and well supported by a huge community,cuda unified interface incredibly flexible well supported huge community,cuda s most unique feature is its ability to allow developers to use c programming language to write software that can perform parallel computing operations on nvidia s gpus efficiently,cuda unique feature ability allow developer use c programming language write software perform parallel computing operation nvidia gpus efficiently,cuda is unique feature is enabling developers to fully utilize graphics cards for parallel processing crucial for ai and other computationally intensive applications,cuda unique feature enabling developer fully utilize graphic card parallel processing crucial ai computationally intensive application,1,6.0,35.0,1.0,5.833333333333333,6.0,45.64500000000001,"[Generator LLM not configured]

Most relevant transcript passage:

discovery. It's probably a lot of this work. They're thinking, oh, maybe we can get into more professional Hollywood, architecture, and other professional graphics domains. You sum all that stuff up and maybe you get to a couple of billion-dollar market, maybe total market. Not enough to justify the time and the cost of what you're going to have to build out to go after this to any rational person. Here we come, Jensen and NVIDIA, they are doing this, he is committed, he's drunk the Kool-Aid. In 2006, 2007, and 2008, they poured a lot of resources into building what would become CUDA, which we'll get to in a second. It is already CUDA at this point in time. Ben: I think Jensen's psychology here is sort of twofold. One is that he is enamored with this market. He loves the idea that they can",0.0
What did Jensen Huang say in the Stratechery interview in March 2023 about the year 2022?,"Jensen said that 2022 was a disappointing year, when Chat GPT was released.","In the Stratechery interview in March 2023, Jensen Huang discussed the significance of 2022 as a transformative year for AI, emphasizing the rapid advancements in AI technologies and the impact of generative AI models like ChatGPT.",INCORRECT,"Jensen Huang referred to 2022 as 'unquestionably a disappointing year,' largely due to financial downturns related to cryptocurrency and challenges with TSMC preorders despite high demand for AI compute capabilities.",CORRECT,5.0,https://www.acquired.fm/episodes/nvidia-the-dawn-of-the-ai-era,nvidia_part_iii_the_dawn_of_the_ai_era_20222023,16,13,36,30,what did jensen huang say in the stratechery interview in march 2023 about the year 2022,jensen huang say stratechery interview march 2023 year 2022,jensen said that 2022 was a disappointing year when chat gpt was released,jensen said 2022 disappointing year chat gpt released,in the stratechery interview in march 2023 jensen huang discussed the significance of 2022 as a transformative year for ai emphasizing the rapid advancements in ai technologies and the impact of generative ai models like chatgpt,stratechery interview march 2023 jensen huang discussed significance 2022 transformative year ai emphasizing rapid advancement ai technology impact generative ai model like chatgpt,jensen huang referred to 2022 as unquestionably a disappointing year largely due to financial downturns related to cryptocurrency and challenges with tsmc preorders despite high demand for ai compute capabilities,jensen huang referred 2022 unquestionably disappointing year largely due financial downturn related cryptocurrency challenge tsmc preorders despite high demand ai compute capability,1,16.0,89.0,1.0,5.5625,16.0,79.5575,"[Generator LLM not configured]

Most relevant transcript passage:

run forever, or decades and decades and decades, and continue to grow, and those markets continue to be this globally addressable, absolutely massive opportunity. The funny thing about it is all of the value tends to show up in the out years. The trick is figuring out okay, when am I in the out years? Like everything in startups, there's a great Paul Graham quote to go along with it. He remarked in December 2020 that an astonishing 99.98% of Amazon's growth had happened since the IPO. I just love this and I actually printed it out and I have it at home. It reminded me just how much running room Amazon had ahead of it after its IPO. David: All right, number four, one of our very favorites. I love this picture of Jensen Huang showing off the NVIDIA logo tattoo that he has on his shoulder. Be",0.0
What is the difference between recurrent neural networks and convolutional neural networks?,The state of the art had evolved and RNN is sequential and has very short context window.,"The main difference between recurrent neural networks (RNNs) and convolutional neural networks (CNNs) lies in their structure and application. RNNs are designed to handle sequential data and have internal memory to process sequences of inputs, which makes them ideal for time-series analysis, natural language processing, and other tasks where the sequence of the data points is crucial. CNNs, on the other hand, are structured to recognize patterns in grids of data, such as images, where they can identify features regardless of their position in the input space, making them well-suited for image and video recognition tasks.",INCORRECT,"RNNs, which came before transformers, have a short context window and process sequentially, which limits their ability to handle long sequences of data. CNNs, which have been around since the 60s, are computationally intensive to train but excel at tasks like image recognition because they process data in parallel and can identify features regardless of their position in the input space.",CORRECT,4.0,https://www.acquired.fm/episodes/nvidia-the-dawn-of-the-ai-era,nvidia_part_iii_the_dawn_of_the_ai_era_20222023,12,17,96,61,what is the difference between recurrent neural networks and convolutional neural networks,difference recurrent neural network convolutional neural network,the state of the art had evolved and rnn is sequential and has very short context window,state art evolved rnn sequential short context window,the main difference between recurrent neural networks rnns and convolutional neural networks cnns lies in their structure and application rnns are designed to handle sequential data and have internal memory to process sequences of inputs which makes them ideal for time series analysis natural language processing and other tasks where the sequence of the data points is crucial cnns on the other hand are structured to recognize patterns in grids of data such as images where they can identify features regardless of their position in the input space making them well suited for image and video recognition tasks,main difference recurrent neural network rnns convolutional neural network cnns lie structure application rnns designed handle sequential data internal memory process sequence input make ideal time series analysis natural language processing task sequence data point crucial cnns hand structured recognize pattern grid data image identify feature regardless position input space making well suited image video recognition task,rnns which came before transformers have a short context window and process sequentially which limits their ability to handle long sequences of data cnns which have been around since the 60s are computationally intensive to train but excel at tasks like image recognition because they process data in parallel and can identify features regardless of their position in the input space,rnns came transformer short context window process sequentially limit ability handle long sequence data cnns around since 60 computationally intensive train excel task like image recognition process data parallel identify feature regardless position input space,1,12.0,91.0,1.0,7.583333333333333,12.0,11.355000000000018,"[Generator LLM not configured]

Most relevant transcript passage:

you have big GPU chips with tons of cores, you can do them all at exactly the same time. Previous technologies to accomplish this like recurrent neural networks or LSTMs (long short-term memory networks), which is a type of recurrent neural network, et cetera, required knowing the output of each step before beginning the next one, before you picked the next word. In other words, they were sequential since they depended on the previous word. Now with Transformers, even if your string of text that you’re inputting is a thousand words long, it can happen just as quickly in human measurable time as if it were 10 words long, supposing that there were enough cores in that big GPU. The big innovation here is you could now train sequence-based models in a parallel way. You couldn’t train models of",0.0
What is NVIDIA free cash flow in billions  every year? ,NVIDIA generate $8 billion of free cash flow every year,"NVIDIA's annual free cash flow has varied significantly over the years. Here's a brief summary of their free cash flow in billions for recent years:

2023: $27.021 billion
2022: $3.808 billion
2021: $8.132 billion
2020: $4.694 billion
2019: $4.272 billion
These figures reflect considerable fluctuations, with a notable increase in 2023 driven by factors that would require further investigation to fully understand the specifics behind such growth. 
",INCORRECT,"From the attached file, it is mentioned that NVIDIA has been generating approximately $8 billion of free cash flow annually in recent years. This figure has been consistent due to the company's successful business operations and financial strategies",CORRECT,5.0,https://www.acquired.fm/episodes/nvidia-the-machine-learning-company-2006-2022,nvidia_part_ii_the_machine_learning_company_20062022,10,10,67,38,what is nvidia free cash flow in billions every year,nvidia free cash flow billion every year,nvidia generate 8 billion of free cash flow every year,nvidia generate 8 billion free cash flow every year,nvidia is annual free cash flow has varied significantly over the years here is a brief summary of their free cash flow in billions for recent years 2023 27 021 billion 2022 3 808 billion 2021 8 132 billion 2020 4 694 billion 2019 4 272 billion these figures reflect considerable fluctuations with a notable increase in 2023 driven by factors that would require further investigation to fully understand the specifics behind such growth,nvidia annual free cash flow varied significantly year brief summary free cash flow billion recent year 2023 27 021 billion 2022 3 808 billion 2021 8 132 billion 2020 4 694 billion 2019 4 272 billion figure reflect considerable fluctuation notable increase 2023 driven factor would require investigation fully understand specific behind growth,from the attached file it is mentioned that nvidia has been generating approximately 8 billion of free cash flow annually in recent years this figure has been consistent due to the company is successful business operations and financial strategies,attached file mentioned nvidia generating approximately 8 billion free cash flow annually recent year figure consistent due company successful business operation financial strategy,1,10.0,55.0,1.0,5.5,10.0,78.24500000000002,"[Generator LLM not configured]

Most relevant transcript passage:

doing this massive build out. But imagine without that line for a minute, NVIDIA only has a billion dollars of CapEx per year. David: This is relative—for people listening on audio—to a bunch of other FAANG-type companies. Ben: Yeah. Apple has $10 billion of spend on capital expenditures per year. Microsoft and Google have $25 billion. TSMC, who makes the chips, has $30 billion. What a great capital efficient business that NVIDIA has on their hands only spending a billion dollars a year in CapEx. It's like it's a software business, and basically is. David: It is, right? TSMC does the fabbing, NVIDIA makes software and IP. Ben: Yup. This is the best graph for you to very clearly see the magic of the fabless business model that Morris Chang was so gracious to invent when he grew TSMC. David:",0.0
"In 2012, What is the  competition against imageNet Database and what was the error rate compared to others & who won the competition?","Algorithm Competition, 15% error rate compared to others,  university of Toronto won the competition","In 2012, the ImageNet Large Scale Visual Recognition Challenge (ILSVRC) featured a competition where teams aimed to minimize error rates in image recognition using the ImageNet database. The University of Toronto team, led by Alex Krizhevsky, Ilya Sutskever, and Geoffrey Hinton, won with their deep learning model ""AlexNet"", which achieved a top-5 error rate of 15.3%. This marked a significant improvement over the previous year's best error rate of 25.8%, showcasing the potential of deep learning in computer vision.",CORRECT,"In 2012, the competition against the ImageNet database was won by a team from the University of Toronto with their algorithm, achieving an error rate of 15%. This was a significant improvement over previous error rates, which were around 25%. The team's approach, using a convolutional neural network called AlexNet, marked a major advancement in the application of deep learning techniques for visual recognition tasks.",CORRECT,5.0,https://www.acquired.fm/episodes/nvidia-the-machine-learning-company-2006-2022,nvidia_part_ii_the_machine_learning_company_20062022,23,14,79,65,in 2012 what is the competition against imagenet database and what was the error rate compared to others who won the competition,2012 competition imagenet database error rate compared others competition,algorithm competition 15 error rate compared to others university of toronto won the competition,algorithm competition 15 error rate compared others university toronto competition,in 2012 the imagenet large scale visual recognition challenge ilsvrc featured a competition where teams aimed to minimize error rates in image recognition using the imagenet database the university of toronto team led by alex krizhevsky ilya sutskever and geoffrey hinton won with their deep learning model alexnet which achieved a top 5 error rate of 15 3 this marked a significant improvement over the previous year is best error rate of 25 8 showcasing the potential of deep learning in computer vision,2012 imagenet large scale visual recognition challenge ilsvrc featured competition team aimed minimize error rate image recognition using imagenet database university toronto team led alex krizhevsky ilya sutskever geoffrey hinton deep learning model alexnet achieved top 5 error rate 15 3 marked significant improvement previous year best error rate 25 8 showcasing potential deep learning computer vision,in 2012 the competition against the imagenet database was won by a team from the university of toronto with their algorithm achieving an error rate of 15 this was a significant improvement over previous error rates which were around 25 the team is approach using a convolutional neural network called alexnet marked a major advancement in the application of deep learning techniques for visual recognition tasks,2012 competition imagenet database team university toronto algorithm achieving error rate 15 significant improvement previous error rate around 25 team approach using convolutional neural network called alexnet marked major advancement application deep learning technique visual recognition task,0,23.0,133.0,1.0,5.782608695652174,23.0,40.03782608695653,"[Generator LLM not configured]

Most relevant transcript passage:

was three researchers from the University of Toronto who submitted the AlexNet algorithm to the ImageNet computer science competition. Now, ImageNet was a competition where you would look at a set of 14 million images that had been hand-labeled with what the pictures were of, like of a strawberry or a cat or a dog or whatever. Ben: And David, you were telling me it’s the largest ever use of Mechanical Turk up to that point was to label the ImageNet dataset. David: Yeah, it’s wild. Until this competition and until AlexNet, there was no machine learning algorithm that could accurately label images. Thousands of people on Mechanical Turk got paid however much, $2 an hour to label these images. Ben: If I’m remembering from our episode, basically what happened is the AlexNet team did way better",0.0
what was the worst stock price percentage down in a day for NVIDIA ?,80% in a day for Nvidia,"The worst single-day percentage drop in NVIDIA's stock price occurred on March 8, when the stock fell by 5.55% from a high of $973 to close at $875.28. This decline was notable because it broke a six-day winning streak and followed a period of significant gains attributed to strong performance and optimism around artificial intelligence technologies.",INCORRECT,"The worst single-day stock price drop for NVIDIA mentioned in the document occurred in mid-2008, where NVIDIA's stock price plummeted by 80%",CORRECT,5.0,https://www.acquired.fm/episodes/nvidia-the-machine-learning-company-2006-2022,nvidia_part_ii_the_machine_learning_company_20062022,14,6,56,22,what was the worst stock price percentage down in a day for nvidia,worst stock price percentage day nvidia,80 in a day for nvidia,80 day nvidia,the worst single day percentage drop in nvidia is stock price occurred on march 8 when the stock fell by 5 55 from a high of 973 to close at 875 28 this decline was notable because it broke a six day winning streak and followed a period of significant gains attributed to strong performance and optimism around artificial intelligence technologies,worst single day percentage drop nvidia stock price occurred march 8 stock fell 5 55 high 973 close 875 28 decline notable broke six day winning streak followed period significant gain attributed strong performance optimism around artificial intelligence technology,the worst single day stock price drop for nvidia mentioned in the document occurred in mid 2008 where nvidia is stock price plummeted by 80,worst single day stock price drop nvidia mentioned document occurred mid 2008 nvidia stock price plummeted 80,1,14.0,68.0,1.0,4.857142857142857,14.0,83.85357142857143,"[Generator LLM not configured]

Most relevant transcript passage:

also have been doing this. Literally, NVIDIA stock—this is now 2012, 2013, 2014, 2015—doesn't trade above $5 a share. NVIDIA today as we record this is I think about $220 a share. The high in the past year has been well over $300. If you realized what was going on, and again, in a lot of those years, it was not that hard to realize what was going on, wow, it was huge. Ben: It's funny. We'll get to what happened in 2017 and 2018 with crypto and a little bit, but there was a massive stock run up to like $65 a share in 2018. Even as late as I think the very beginning of 2019, you could have gotten it. I tweeted this, and we'll put the graph on the screen in the YouTube version here. You could have gotten it in that crash for $34 a share in 2019. If you zoom out on that graph, which is the nex",0.0
What was argument before Vtalik's presentation in Miami?,"Argument between Gavin and Anthony, to include Gavin as co-founder","Before Vitalik Buterin's presentation in Miami, where he introduced Ethereum to a broader audience at the Bitcoin Conference in 2014, there was a significant internal debate among the project's initial founders and contributors about the future organizational structure and funding of Ethereum.

The core argument revolved around whether Ethereum should be structured as a for-profit enterprise or a non-profit foundation. Some of the project's early backers and contributors, including some who saw a significant commercial potential, favored a traditional business model that could potentially offer a return on investment through equity or direct revenue streams. They advocated for raising funds through venture capital and other traditional forms of startup funding.

On the other hand, others, including Vitalik himself, believed that a non-profit foundation model was more in line with the decentralized and open-source nature of blockchain technology. This group argued that Ethereum should focus on broader community involvement and open development rather than prioritizing profit motives. They favored funding the project through a public crowd sale (ICO) of Ether, the native token of the Ethereum network, which would also help to distribute the governance and benefits more broadly across the community.

This debate was crucial as it set the stage for how Ethereum would be developed and governed in its formative years, influencing the project's philosophy, development approach, and its broader adoption within the crypto community.",PARTIAL,"Before Vitalik's presentation in Miami, the argument within the Ethereum team centered on how the organization should be structured-specifically, whether to set it up as a for-profit company or as a non-profit foundation. This debate was crucial as it would determine the operational, financial, and legal strategies moving forward, impacting how Ethereum would raise funds and operate within the regulatory environment.

Some members, like Charles Hoskinson and Anthony Di Iorio, favored a for-profit entity that could leverage venture capital investment, aiming to build a commercially viable enterprise. Others, including Vitalik Buterin and Mihai Alisie, argued for a non-profit foundation model to keep the project aligned with the broader principles of decentralization and open-source community engagement.

The tension was high, reflecting deep divisions in vision and approach among the founding members, which ultimately needed to be resolved to move forward with Ethereum's development and public introduction.",PARTIAL,3.0,https://www.acquired.fm/episodes/ethereum,ethereum_with_packy_mccormick,8,10,226,145,what was argument before vtalik is presentation in miami,argument vtalik presentation miami,argument between gavin and anthony to include gavin as co founder,argument gavin anthony include gavin co founder,before vitalik buterin is presentation in miami where he introduced ethereum to a broader audience at the bitcoin conference in 2014 there was a significant internal debate among the project is initial founders and contributors about the future organizational structure and funding of ethereum the core argument revolved around whether ethereum should be structured as a for profit enterprise or a non profit foundation some of the project is early backers and contributors including some who saw a significant commercial potential favored a traditional business model that could potentially offer a return on investment through equity or direct revenue streams they advocated for raising funds through venture capital and other traditional forms of startup funding on the other hand others including vitalik himself believed that a non profit foundation model was more in line with the decentralized and open source nature of blockchain technology this group argued that ethereum should focus on broader community involvement and open development rather than prioritizing profit motives they favored funding the project through a public crowd sale ico of ether the native token of the ethereum network which would also help to distribute the governance and benefits more broadly across the community this debate was crucial as it set the stage for how ethereum would be developed and governed in its formative years influencing the project is philosophy development approach and its broader adoption within the crypto community,vitalik buterin presentation miami introduced ethereum broader audience bitcoin conference 2014 significant internal debate among project initial founder contributor future organizational structure funding ethereum core argument revolved around whether ethereum structured profit enterprise non profit foundation project early backer contributor including saw significant commercial potential favored traditional business model could potentially offer return investment equity direct revenue stream advocated raising fund venture capital traditional form startup funding hand others including vitalik believed non profit foundation model line decentralized open source nature blockchain technology group argued ethereum focus broader community involvement open development rather prioritizing profit motif favored funding project public crowd sale ico ether native token ethereum network would also help distribute governance benefit broadly across community debate crucial set stage ethereum would developed governed formative year influencing project philosophy development approach broader adoption within crypto community,before vitalik is presentation in miami the argument within the ethereum team centered on how the organization should be structured specifically whether to set it up as a for profit company or as a non profit foundation this debate was crucial as it would determine the operational financial and legal strategies moving forward impacting how ethereum would raise funds and operate within the regulatory environment some members like charles hoskinson and anthony di iorio favored a for profit entity that could leverage venture capital investment aiming to build a commercially viable enterprise others including vitalik buterin and mihai alisie argued for a non profit foundation model to keep the project aligned with the broader principles of decentralization and open source community engagement the tension was high reflecting deep divisions in vision and approach among the founding members which ultimately needed to be resolved to move forward with ethereum is development and public introduction,vitalik presentation miami argument within ethereum team centered organization structured specifically whether set profit company non profit foundation debate crucial would determine operational financial legal strategy moving forward impacting ethereum would raise fund operate within regulatory environment member like charles hoskinson anthony di iorio favored profit entity could leverage venture capital investment aiming build commercially viable enterprise others including vitalik buterin mihai alisie argued non profit foundation model keep project aligned broader principle decentralization open source community engagement tension high reflecting deep division vision approach among founding member ultimately needed resolved move forward ethereum development public introduction,2,8.0,56.0,1.0,7.0,8.0,18.940000000000026,"[Generator LLM not configured]

Most relevant transcript passage:

choice but to turn in the license,' or something to that effect with more four-letter words. He then drove off to the office with his tires screeching, sent out telegrams to 30,000 policyholders in New Jersey canceling their insurance that day, and fired 2000 New Jersey employees in a single afternoon, before Sheeran could go to court and get an injunction to stop him."" Byrne says, ""'It showed everybody, all audiences, I was serious about this. And that I was going to fight for the life of this company no matter what, including walking out of a state, which wasn't done back then.' Byrne’s impalement of New Jersey had exactly that effect. Everybody knew he was serious."" Ben: So do they end up actually just vacating New Jersey and just didn't serve policies there? David: Yeah. They literally",0.0
What is the connection to Vitalik to the year 1994 and what was his parent's condition and Russia during the time?,"Vitalik was born in 1994. His parents were young and very unprepared. Russia at the time was in total shambles. The Soviet Union had collapsed a couple years before, there's hyperinflation like double digits per month inflation. People are losing everything. There's a depression, people are starving.","Vitalik Buterin, the creator of Ethereum, was born in 1994 in Russia. His birth came at a significant and tumultuous time in Russia's history, shortly after the dissolution of the Soviet Union in 1991. This period was marked by significant economic instability and political change.

During this time, Russia experienced severe economic hardships, including hyperinflation and a general decline in living standards. These conditions affected many families, including Vitalik's. His parents were both computer scientists, which suggests they had a relatively solid educational background but, like many others, they would have faced the broader economic and social challenges present in post-Soviet Russia.

The early 1990s in Russia were also characterized by a rapid shift from a planned economy to a market-based economy, which led to widespread uncertainty and hardship for much of the population. This backdrop is significant as it formed part of the environment and influences around Vitalik during his early years, before he moved to Canada where he later grew up and was educated.",PARTIAL,"In the transcript, it is mentioned that Vitalik Buterin was born in 1994 in Russia, a time of considerable upheaval following the collapse of the Soviet Union. His parents were both computer science students at the time of his birth, which positioned them in a technically skilled but economically volatile environment.

The transcript notes that Russia during the early 1990s was marked by significant economic challenges, including hyperinflation and a general state of disarray following the dissolution of the Soviet Union. This resulted in hardships for many families, including potentially Vitalik's, though specific details on their personal economic conditions are not detailed in the excerpt provided.

This backdrop of economic instability and the opportunities in the field of computer science that his parents were involved in likely influenced Vitalik's early exposure to technology and shaped some of his later interests in cryptography and decentralized systems, culminating in his development of Ethereum.",PARTIAL,4.0,https://www.acquired.fm/episodes/ethereum,ethereum_with_packy_mccormick,21,47,166,151,what is the connection to vitalik to the year 1994 and what was his parent is condition and russia during the time,connection vitalik year 1994 parent condition russia time,vitalik was born in 1994 his parents were young and very unprepared russia at the time was in total shambles the soviet union had collapsed a couple years before there is hyperinflation like double digits per month inflation people are losing everything there is a depression people are starving,vitalik born 1994 parent young unprepared russia time total shamble soviet union collapsed couple year hyperinflation like double digit per month inflation people losing everything depression people starving,vitalik buterin the creator of ethereum was born in 1994 in russia his birth came at a significant and tumultuous time in russia is history shortly after the dissolution of the soviet union in 1991 this period was marked by significant economic instability and political change during this time russia experienced severe economic hardships including hyperinflation and a general decline in living standards these conditions affected many families including vitalik is his parents were both computer scientists which suggests they had a relatively solid educational background but like many others they would have faced the broader economic and social challenges present in post soviet russia the early 1990s in russia were also characterized by a rapid shift from a planned economy to a market based economy which led to widespread uncertainty and hardship for much of the population this backdrop is significant as it formed part of the environment and influences around vitalik during his early years before he moved to canada where he later grew up and was educated,vitalik buterin creator ethereum born 1994 russia birth came significant tumultuous time russia history shortly dissolution soviet union 1991 period marked significant economic instability political change time russia experienced severe economic hardship including hyperinflation general decline living standard condition affected many family including vitalik parent computer scientist suggests relatively solid educational background like many others would faced broader economic social challenge present post soviet russia early 1990s russia also characterized rapid shift planned economy market based economy led widespread uncertainty hardship much population backdrop significant formed part environment influence around vitalik early year moved canada later grew educated,in the transcript it is mentioned that vitalik buterin was born in 1994 in russia a time of considerable upheaval following the collapse of the soviet union his parents were both computer science students at the time of his birth which positioned them in a technically skilled but economically volatile environment the transcript notes that russia during the early 1990s was marked by significant economic challenges including hyperinflation and a general state of disarray following the dissolution of the soviet union this resulted in hardships for many families including potentially vitalik is though specific details on their personal economic conditions are not detailed in the excerpt provided this backdrop of economic instability and the opportunities in the field of computer science that his parents were involved in likely influenced vitalik is early exposure to technology and shaped some of his later interests in cryptography and decentralized systems culminating in his development of ethereum,transcript mentioned vitalik buterin born 1994 russia time considerable upheaval following collapse soviet union parent computer science student time birth positioned technically skilled economically volatile environment transcript note russia early 1990s marked significant economic challenge including hyperinflation general state disarray following dissolution soviet union resulted hardship many family including potentially vitalik though specific detail personal economic condition detailed excerpt provided backdrop economic instability opportunity field computer science parent involved likely influenced vitalik early exposure technology shaped later interest cryptography decentralized system culminating development ethereum,2,21.0,114.0,1.0,5.428571428571429,21.0,64.66285714285716,"[Generator LLM not configured]

Most relevant transcript passage:

they decided to leave Russia and emigrate to Canada. They settled in Toronto. Vitalik gets put into the gifted program in Toronto's public schools, which is funny. He didn't speak English at all until he arrived in Canada. It takes him a few years to really get comfortable speaking English, but he's clearly a genius at math, computers, and taking after his parents. He's also really good at writing, though, and writing English. This was crazy. When he's seven years old, I don't know if this is a school project or just something Vitalik did for fun. He writes a 30-page document in English in Microsoft Word called the Encyclopedia of Bunnies. He's really interested in bunnies. He structures it like a scientific paper. He's got graphs, charts, and he lists all the chemical elements that make u",0.0
