question,human_answer,ai_answer_without_the_transcript,ai_answer_without_transcript_correctness,ai_answer_with_the_transcript,ai_answer_with_the_transcript_correctness,quality_rating_for_answer_with_transcript,post_url,file_name,question_word_count,human_answer_word_count,ai_answer_without_the_transcript_word_count,ai_answer_with_the_transcript_word_count,question_clean,human_answer_clean,ai_answer_without_the_transcript_clean,ai_answer_with_the_transcript_clean,question_type,rag_generated_answer,hallucination_proxy_rate,faithfulness,low_confidence_flag
"When did Airbnb go public, what was the price per share","December 9,2020 at $68 per share","Airbnb went public on December 10, 2020. The initial public offering (IPO) price for Airbnb shares was set at $68 per share. However, on its first day of trading, the stock price opened significantly higher, at around $146 per share.",CORRECT,"Airbnb went public in 2020. However, the specific price per share at IPO is not mentioned in the transcript.",INCORRECT,4.0,https://www.acquired.fm/episodes/airbnb,airbnb,11,6,40,19,"When did Airbnb go public, what was the price per share","December 9,2020 at $68 per share","Airbnb went public on December 10, 2020. The initial public offering (IPO) price for Airbnb shares was set at $68 per share. However, on its first day of trading, the stock price opened significantly higher, at around $146 per share.","Airbnb went public in 2020. However, the specific price per share at IPO is not mentioned in the transcript.",factual,"[Generator LLM not configured]

Most relevant transcript passage:

out of the financial crisis at this point. They go to Greylock, Reid Hoffman leads the Series A. I think this is actually true. We’ll talk about Airbnb’s business model in a minute, but things are going so well. They have more money in the bank than all of the Seed dollars that they raised when they raised the Series A. You’d never hear about this happening. They raised such a small amount of money, but then they did so well that they made more money. Ben: Fame profitable company, Airbnb. David: Indeed, indeed. By early 2011, the next year, they hit a million nights booked. This company has always been great at PR and publicity—probably the legacy of Brian and Joe. They had a million nights booked, it became big national news. This is when Fred Wilson publishes that blog post about how it ",0.0,0.9152850417161377,False
Why did Wimdu unlike Airbnb not take off?,Wimdu gragmented the marketed focusing mostly on Europe unlike Airbnb whose market focus was both global and local ,"Wimdu faced challenges compared to Airbnb due to timing, market focus, and brand recognition. Airbnb's early establishment, US market dominance, and strong global branding gave it an edge. Investments in user experience and strategic expansion further cemented Airbnb's position, leaving Wimdu struggling to compete effectively.",CORRECT,"Wimdu, similar to Airbnb, was a platform created by the Samwer brothers and Rocket Internet in Germany to clone successful tech business models from Silicon Valley. Despite their aggressive tactics, Wimdu did not succeed because it couldn't match Airbnb's global network effects and the deep trust and brand loyalty Airbnb had cultivated with its hosts and guests. Airbnb had a first-mover advantage, superior brand recognition, and was already operating globally with numerous listings that had accumulated reviews, which are crucial for trust in such platforms.",CORRECT,5.0,https://www.acquired.fm/episodes/airbnb,airbnb,8,18,45,85,Why did Wimdu unlike Airbnb not take off?,Wimdu gragmented the marketed focusing mostly on Europe unlike Airbnb whose market focus was both global and local,"Wimdu faced challenges compared to Airbnb due to timing, market focus, and brand recognition. Airbnb is early establishment, US market dominance, and strong global branding gave it an edge. Investments in user experience and strategic expansion further cemented Airbnb is position, leaving Wimdu struggling to compete effectively.","Wimdu, similar to Airbnb, was a platform created by the Samwer brothers and Rocket Internet in Germany to clone successful tech business models from Silicon Valley. Despite their aggressive tactics, Wimdu did not succeed because it could not match Airbnb is global network effects and the deep trust and brand loyalty Airbnb had cultivated with its hosts and guests. Airbnb had a first-mover advantage, superior brand recognition, and was already operating globally with numerous listings that had accumulated reviews, which are crucial for trust in such platforms.",causal,"[Generator LLM not configured]

Most relevant transcript passage:

venture capital playbook that we talked about on the DoorDash episode of it’s truly a winner take all market, flood the money in, make sure you’re the winner—that was inarguably true for Airbnb. David: Inarguably. They go fight hard against the Samwer brothers in Europe and they end up winning. It’s really interesting to think about why they end up winning. They do a couple of things. They acquire a few companies—smaller competitors in Europe. They open up a bunch of offices. What the Samwers are doing, they basically start a sweatshop in Berlin of young kids out of college and out of McKinsey into calling hosts and property managers getting listings to put on their platform. Airbnb starts doing the same thing. The thing that’s interesting though is I don’t think that’s actually what made ",0.0,0.8456531082465024,False
What is CUDA's most unique feature?,CUDA has a unified interface which is incredibly flexible and well-supported by a huge community.,CUDAÔs most unique feature is its ability to allow developers to use C++ programming language to write software that can perform parallel computing operations on NVIDIAÔs GPUs efficiently.,INCORRECT,"CUDA's unique feature is enabling developers to fully utilize graphics cards for parallel processing, crucial for AI and other computationally intensive applications.",CORRECT,5.0,https://www.acquired.fm/episodes/nvidia-the-dawn-of-the-ai-era,nvidia_part_iii_the_dawn_of_the_ai_era_20222023,6,15,28,22,What is CUDA is most unique feature?,CUDA has a unified interface which is incredibly flexible and well-supported by a huge community.,CUDAÔs most unique feature is its ability to allow developers to use C++ programming language to write software that can perform parallel computing operations on NVIDIAÔs GPUs efficiently.,"CUDA is unique feature is enabling developers to fully utilize graphics cards for parallel processing, crucial for AI and other computationally intensive applications.",factual,"[Generator LLM not configured]

Most relevant transcript passage:

to 2012 saying, why do I have to make it so that my software fits on this tiny little footprint, and we can include CUDA taking up a huge amount of space on this thing, and make all these trade-offs on our hardware so that we can? Are people going to use CUDA? Today, it just looks so genius. David: We’ve talked about this many times on the show, including with Hamilton Helmer and Chenyi themselves. But for platform companies like Nvidia clearly is, there is this special brand of power that is a combination of scale economies and network economies, and this is what you’re getting at. Ben: Yup. They do have branding power for sure. David: I actually think it’s worth talking about this a little bit. Ben: This is the, nobody gets fired for buying IBM. Nvidia is the modern IBM in the AI era. Da",0.0,0.9071403595773853,False
What did Jensen Huang say in the Stratechery interview in March 2023 about the year 2022?,"Jensen said that 2022 was a disappointing year, when Chat GPT was released.","In the Stratechery interview in March 2023, Jensen Huang discussed the significance of 2022 as a transformative year for AI, emphasizing the rapid advancements in AI technologies and the impact of generative AI models like ChatGPT.",INCORRECT,"Jensen Huang referred to 2022 as 'unquestionably a disappointing year,' largely due to financial downturns related to cryptocurrency and challenges with TSMC preorders despite high demand for AI compute capabilities.",CORRECT,5.0,https://www.acquired.fm/episodes/nvidia-the-dawn-of-the-ai-era,nvidia_part_iii_the_dawn_of_the_ai_era_20222023,16,13,36,30,What did Jensen Huang say in the Stratechery interview in March 2023 about the year 2022?,"Jensen said that 2022 was a disappointing year, when Chat GPT was released.","In the Stratechery interview in March 2023, Jensen Huang discussed the significance of 2022 as a transformative year for AI, emphasizing the rapid advancements in AI technologies and the impact of generative AI models like ChatGPT.","Jensen Huang referred to 2022 as 'unquestionably a disappointing year,' largely due to financial downturns related to cryptocurrency and challenges with TSMC preorders despite high demand for AI compute capabilities.",factual,"[Generator LLM not configured]

Most relevant transcript passage:

is crucially important because at this point the CFO Colette Kress said on their last earnings call that about half of the revenue from the data center business unit is CSPs. Then I believe after that is the consumer internet companies, and after that is enterprises. There are a few interesting things in there, one of which is, oh my God, their revenue for this is concentrated among 5–8 companies with these CSPs. Two, they don’t necessarily own the customer relationship. They own the developer relationship through CUDA. They’ve got this unbelievable ecosystem right now of Nvidia developers that’s stronger than ever, but in terms of the actual customer, half of their revenue is intermediated by cloud providers. The second interesting thing about this is, even today in this AI explosion, the",0.0,0.8734161094952346,False
What is the difference between recurrent neural networks and convolutional neural networks?,The state of the art had evolved and RNN is sequential and has very short context window.,"The main difference between recurrent neural networks (RNNs) and convolutional neural networks (CNNs) lies in their structure and application. RNNs are designed to handle sequential data and have internal memory to process sequences of inputs, which makes them ideal for time-series analysis, natural language processing, and other tasks where the sequence of the data points is crucial. CNNs, on the other hand, are structured to recognize patterns in grids of data, such as images, where they can identify features regardless of their position in the input space, making them well-suited for image and video recognition tasks.",INCORRECT,"RNNs, which came before transformers, have a short context window and process sequentially, which limits their ability to handle long sequences of data. CNNs, which have been around since the 60s, are computationally intensive to train but excel at tasks like image recognition because they process data in parallel and can identify features regardless of their position in the input space.",CORRECT,4.0,https://www.acquired.fm/episodes/nvidia-the-dawn-of-the-ai-era,nvidia_part_iii_the_dawn_of_the_ai_era_20222023,12,17,96,61,What is the difference between recurrent neural networks and convolutional neural networks?,The state of the art had evolved and RNN is sequential and has very short context window.,"The main difference between recurrent neural networks (RNNs) and convolutional neural networks (CNNs) lies in their structure and application. RNNs are designed to handle sequential data and have internal memory to process sequences of inputs, which makes them ideal for time-series analysis, natural language processing, and other tasks where the sequence of the data points is crucial. CNNs, on the other hand, are structured to recognize patterns in grids of data, such as images, where they can identify features regardless of their position in the input space, making them well-suited for image and video recognition tasks.","RNNs, which came before transformers, have a short context window and process sequentially, which limits their ability to handle long sequences of data. CNNs, which have been around since the 60s, are computationally intensive to train but excel at tasks like image recognition because they process data in parallel and can identify features regardless of their position in the input space.",multi_hop,"[Generator LLM not configured]

Most relevant transcript passage:

primary lead of the team. He was a Ph.D. student and collaborated with Ilya Sutskever and Geoff Hinton. Geoff Hinton was the Ph.D. advisor of Alex. They call it AlexNet. It is a convolutional neural network, which is a branch of artificial intelligence called deep learning. Deep learning is new for this use case, but Ben, you weren't exactly right. It had been around for a long time, a very long time. Deep learning neural networks, this was not a new idea. The algorithms had existed for many decades, I think, but they were really, really, really computationally intensive. They're required to train the models to do a deep neural network. You need a lot of computation on the order of grains of sand that exist on Earth. It was completely impossible with a traditional computer architecture tha",0.0,0.8115800537967361,False
What is NVIDIA free cash flow in billions  every year? ,NVIDIA generate $8 billion of free cash flow every year,"NVIDIA's annual free cash flow has varied significantly over the years. Here's a brief summary of their free cash flow in billions for recent years:

2023: $27.021 billion
2022: $3.808 billion
2021: $8.132 billion
2020: $4.694 billion
2019: $4.272 billion
These figures reflect considerable fluctuations, with a notable increase in 2023 driven by factors that would require further investigation to fully understand the specifics behind such growth. 
",INCORRECT,"From the attached file, it is mentioned that NVIDIA has been generating approximately $8 billion of free cash flow annually in recent years. This figure has been consistent due to the company's successful business operations and financial strategies",CORRECT,5.0,https://www.acquired.fm/episodes/nvidia-the-machine-learning-company-2006-2022,nvidia_part_ii_the_machine_learning_company_20062022,10,10,67,38,What is NVIDIA free cash flow in billions every year?,NVIDIA generate $8 billion of free cash flow every year,"NVIDIA is annual free cash flow has varied significantly over the years. Here is a brief summary of their free cash flow in billions for recent years: 2023: $27.021 billion 2022: $3.808 billion 2021: $8.132 billion 2020: $4.694 billion 2019: $4.272 billion These figures reflect considerable fluctuations, with a notable increase in 2023 driven by factors that would require further investigation to fully understand the specifics behind such growth.","From the attached file, it is mentioned that NVIDIA has been generating approximately $8 billion of free cash flow annually in recent years. This figure has been consistent due to the company is successful business operations and financial strategies",factual,"[Generator LLM not configured]

Most relevant transcript passage:

they're going after a trillion-dollar market. I think it's squishy. David: There's a lot of squish in there. Ben: But the fact that they're valued today, I mean, what's their market cap right now? David: About half a trillion. Ben: Half a trillion dollars. They need to sort of justify that, unless they are willing to have it go down. They need to come up with a story about how they're going after this ginormous opportunity, which maybe they are, but it leads to things like an investor day presentation of, let us tell you about our trillion-dollar opportunity ahead. The way that they actually articulated is, we are going to serve customers that represent a $100 trillion opportunity and we will be able to capture about 1% of that. David: It's just like a freaking seed company pitch deck. Ben",0.0,0.8728359178542108,False
"In 2012, What is the  competition against imageNet Database and what was the error rate compared to others & who won the competition?","Algorithm Competition, 15% error rate compared to others,  university of Toronto won the competition","In 2012, the ImageNet Large Scale Visual Recognition Challenge (ILSVRC) featured a competition where teams aimed to minimize error rates in image recognition using the ImageNet database. The University of Toronto team, led by Alex Krizhevsky, Ilya Sutskever, and Geoffrey Hinton, won with their deep learning model ""AlexNet"", which achieved a top-5 error rate of 15.3%. This marked a significant improvement over the previous year's best error rate of 25.8%, showcasing the potential of deep learning in computer vision.",CORRECT,"In 2012, the competition against the ImageNet database was won by a team from the University of Toronto with their algorithm, achieving an error rate of 15%. This was a significant improvement over previous error rates, which were around 25%. The team's approach, using a convolutional neural network called AlexNet, marked a major advancement in the application of deep learning techniques for visual recognition tasks.",CORRECT,5.0,https://www.acquired.fm/episodes/nvidia-the-machine-learning-company-2006-2022,nvidia_part_ii_the_machine_learning_company_20062022,23,14,79,65,"In 2012, What is the competition against imageNet Database and what was the error rate compared to others & who won the competition?","Algorithm Competition, 15% error rate compared to others, university of Toronto won the competition","In 2012, the ImageNet Large Scale Visual Recognition Challenge (ILSVRC) featured a competition where teams aimed to minimize error rates in image recognition using the ImageNet database. The University of Toronto team, led by Alex Krizhevsky, Ilya Sutskever, and Geoffrey Hinton, won with their deep learning model ""AlexNet"", which achieved a top-5 error rate of 15.3%. This marked a significant improvement over the previous year is best error rate of 25.8%, showcasing the potential of deep learning in computer vision.","In 2012, the competition against the ImageNet database was won by a team from the University of Toronto with their algorithm, achieving an error rate of 15%. This was a significant improvement over previous error rates, which were around 25%. The team is approach, using a convolutional neural network called AlexNet, marked a major advancement in the application of deep learning techniques for visual recognition tasks.",multi_hop,"[Generator LLM not configured]

Most relevant transcript passage:

was three researchers from the University of Toronto who submitted the AlexNet algorithm to the ImageNet computer science competition. Now, ImageNet was a competition where you would look at a set of 14 million images that had been hand-labeled with what the pictures were of, like of a strawberry or a cat or a dog or whatever. Ben: And David, you were telling me it’s the largest ever use of Mechanical Turk up to that point was to label the ImageNet dataset. David: Yeah, it’s wild. Until this competition and until AlexNet, there was no machine learning algorithm that could accurately label images. Thousands of people on Mechanical Turk got paid however much, $2 an hour to label these images. Ben: If I’m remembering from our episode, basically what happened is the AlexNet team did way better",0.0,0.9299482014167656,False
what was the worst stock price percentage down in a day for NVIDIA ?,80% in a day for Nvidia,"The worst single-day percentage drop in NVIDIA's stock price occurred on March 8, when the stock fell by 5.55% from a high of $973 to close at $875.28. This decline was notable because it broke a six-day winning streak and followed a period of significant gains attributed to strong performance and optimism around artificial intelligence technologies.",INCORRECT,"The worst single-day stock price drop for NVIDIA mentioned in the document occurred in mid-2008, where NVIDIA's stock price plummeted by 80%",CORRECT,5.0,https://www.acquired.fm/episodes/nvidia-the-machine-learning-company-2006-2022,nvidia_part_ii_the_machine_learning_company_20062022,14,6,56,22,what was the worst stock price percentage down in a day for NVIDIA ?,80% in a day for Nvidia,"The worst single-day percentage drop in NVIDIA is stock price occurred on March 8, when the stock fell by 5.55% from a high of $973 to close at $875.28. This decline was notable because it broke a six-day winning streak and followed a period of significant gains attributed to strong performance and optimism around artificial intelligence technologies.","The worst single-day stock price drop for NVIDIA mentioned in the document occurred in mid-2008, where NVIDIA is stock price plummeted by 80%",factual,"[Generator LLM not configured]

Most relevant transcript passage:

course, they did and the stock got hammered. Ben: Because in anything that CUDA and powers is not yet a revenue driver and they've totally taken their eye off of gaming. David: Yes. We said the high was around a $20 billion market cap. It drops 80%. This isn't just the financial crisis. It's almost coy [...] for me thinking back on the financial crisis now and people freaking out the Dow, the S&P dropping 5% in a day and that's a Thursday these days. Ben: It is literally the Thursday that we are recording. David: Yes. For a company stock to drop 80%, a technology company stock even during the financial crisis, they're not just in the penalty box, they're getting kicked to the curb. Ben: Right. Are they done? The headlines at this point are, is NVIDIA run over? David: If you're most CEOs at",0.0,0.8732870503275332,False
What was argument before Vtalik's presentation in Miami?,"Argument between Gavin and Anthony, to include Gavin as co-founder","Before Vitalik Buterin's presentation in Miami, where he introduced Ethereum to a broader audience at the Bitcoin Conference in 2014, there was a significant internal debate among the project's initial founders and contributors about the future organizational structure and funding of Ethereum.

The core argument revolved around whether Ethereum should be structured as a for-profit enterprise or a non-profit foundation. Some of the project's early backers and contributors, including some who saw a significant commercial potential, favored a traditional business model that could potentially offer a return on investment through equity or direct revenue streams. They advocated for raising funds through venture capital and other traditional forms of startup funding.

On the other hand, others, including Vitalik himself, believed that a non-profit foundation model was more in line with the decentralized and open-source nature of blockchain technology. This group argued that Ethereum should focus on broader community involvement and open development rather than prioritizing profit motives. They favored funding the project through a public crowd sale (ICO) of Ether, the native token of the Ethereum network, which would also help to distribute the governance and benefits more broadly across the community.

This debate was crucial as it set the stage for how Ethereum would be developed and governed in its formative years, influencing the project's philosophy, development approach, and its broader adoption within the crypto community.",PARTIAL,"Before Vitalik's presentation in Miami, the argument within the Ethereum team centered on how the organization should be structured-specifically, whether to set it up as a for-profit company or as a non-profit foundation. This debate was crucial as it would determine the operational, financial, and legal strategies moving forward, impacting how Ethereum would raise funds and operate within the regulatory environment.

Some members, like Charles Hoskinson and Anthony Di Iorio, favored a for-profit entity that could leverage venture capital investment, aiming to build a commercially viable enterprise. Others, including Vitalik Buterin and Mihai Alisie, argued for a non-profit foundation model to keep the project aligned with the broader principles of decentralization and open-source community engagement.

The tension was high, reflecting deep divisions in vision and approach among the founding members, which ultimately needed to be resolved to move forward with Ethereum's development and public introduction.",PARTIAL,3.0,https://www.acquired.fm/episodes/ethereum,ethereum_with_packy_mccormick,8,10,226,145,What was argument before Vtalik is presentation in Miami?,"Argument between Gavin and Anthony, to include Gavin as co-founder","Before Vitalik Buterin is presentation in Miami, where he introduced Ethereum to a broader audience at the Bitcoin Conference in 2014, there was a significant internal debate among the project is initial founders and contributors about the future organizational structure and funding of Ethereum. The core argument revolved around whether Ethereum should be structured as a for-profit enterprise or a non-profit foundation. Some of the project is early backers and contributors, including some who saw a significant commercial potential, favored a traditional business model that could potentially offer a return on investment through equity or direct revenue streams. They advocated for raising funds through venture capital and other traditional forms of startup funding. On the other hand, others, including Vitalik himself, believed that a non-profit foundation model was more in line with the decentralized and open-source nature of blockchain technology. This group argued that Ethereum should focus on broader community involvement and open development rather than prioritizing profit motives. They favored funding the project through a public crowd sale (ICO) of Ether, the native token of the Ethereum network, which would also help to distribute the governance and benefits more broadly across the community. This debate was crucial as it set the stage for how Ethereum would be developed and governed in its formative years, influencing the project is philosophy, development approach, and its broader adoption within the crypto community.","Before Vitalik is presentation in Miami, the argument within the Ethereum team centered on how the organization should be structured-specifically, whether to set it up as a for-profit company or as a non-profit foundation. This debate was crucial as it would determine the operational, financial, and legal strategies moving forward, impacting how Ethereum would raise funds and operate within the regulatory environment. Some members, like Charles Hoskinson and Anthony Di Iorio, favored a for-profit entity that could leverage venture capital investment, aiming to build a commercially viable enterprise. Others, including Vitalik Buterin and Mihai Alisie, argued for a non-profit foundation model to keep the project aligned with the broader principles of decentralization and open-source community engagement. The tension was high, reflecting deep divisions in vision and approach among the founding members, which ultimately needed to be resolved to move forward with Ethereum is development and public introduction.",factual,"[Generator LLM not configured]

Most relevant transcript passage:

their own personal finances or financing these early days. Ben: It's not like there's ether to buy at this point. They're literally just spending money to cover the costs. David: Yup. They decided at the house that the original five will be co-founders of Ethereum, not Gavin, not Jeff, not Joe. The co-founders will get the largest personal stakes of ether in the pre-allocation before the network goes live. That's decided on the early first day at the house. Gavin's there, meanwhile, he had been coding. He's coding furiously at the house trying to get a test net up to demonstrate during Vitalik's presentation, and has his coding. He's looking around and he's like, dude, I'm the only one who actually knows how to build this thing here. Ben: What are all these other people doing? David: He st",0.0,0.8978301792960818,False
What is the connection to Vitalik to the year 1994 and what was his parent's condition and Russia during the time?,"Vitalik was born in 1994. His parents were young and very unprepared. Russia at the time was in total shambles. The Soviet Union had collapsed a couple years before, there's hyperinflation like double digits per month inflation. People are losing everything. There's a depression, people are starving.","Vitalik Buterin, the creator of Ethereum, was born in 1994 in Russia. His birth came at a significant and tumultuous time in Russia's history, shortly after the dissolution of the Soviet Union in 1991. This period was marked by significant economic instability and political change.

During this time, Russia experienced severe economic hardships, including hyperinflation and a general decline in living standards. These conditions affected many families, including Vitalik's. His parents were both computer scientists, which suggests they had a relatively solid educational background but, like many others, they would have faced the broader economic and social challenges present in post-Soviet Russia.

The early 1990s in Russia were also characterized by a rapid shift from a planned economy to a market-based economy, which led to widespread uncertainty and hardship for much of the population. This backdrop is significant as it formed part of the environment and influences around Vitalik during his early years, before he moved to Canada where he later grew up and was educated.",PARTIAL,"In the transcript, it is mentioned that Vitalik Buterin was born in 1994 in Russia, a time of considerable upheaval following the collapse of the Soviet Union. His parents were both computer science students at the time of his birth, which positioned them in a technically skilled but economically volatile environment.

The transcript notes that Russia during the early 1990s was marked by significant economic challenges, including hyperinflation and a general state of disarray following the dissolution of the Soviet Union. This resulted in hardships for many families, including potentially Vitalik's, though specific details on their personal economic conditions are not detailed in the excerpt provided.

This backdrop of economic instability and the opportunities in the field of computer science that his parents were involved in likely influenced Vitalik's early exposure to technology and shaped some of his later interests in cryptography and decentralized systems, culminating in his development of Ethereum.",PARTIAL,4.0,https://www.acquired.fm/episodes/ethereum,ethereum_with_packy_mccormick,21,47,166,151,What is the connection to Vitalik to the year 1994 and what was his parent is condition and Russia during the time?,"Vitalik was born in 1994. His parents were young and very unprepared. Russia at the time was in total shambles. The Soviet Union had collapsed a couple years before, there is hyperinflation like double digits per month inflation. People are losing everything. There is a depression, people are starving.","Vitalik Buterin, the creator of Ethereum, was born in 1994 in Russia. His birth came at a significant and tumultuous time in Russia is history, shortly after the dissolution of the Soviet Union in 1991. This period was marked by significant economic instability and political change. During this time, Russia experienced severe economic hardships, including hyperinflation and a general decline in living standards. These conditions affected many families, including Vitalik is. His parents were both computer scientists, which suggests they had a relatively solid educational background but, like many others, they would have faced the broader economic and social challenges present in post-Soviet Russia. The early 1990s in Russia were also characterized by a rapid shift from a planned economy to a market-based economy, which led to widespread uncertainty and hardship for much of the population. This backdrop is significant as it formed part of the environment and influences around Vitalik during his early years, before he moved to Canada where he later grew up and was educated.","In the transcript, it is mentioned that Vitalik Buterin was born in 1994 in Russia, a time of considerable upheaval following the collapse of the Soviet Union. His parents were both computer science students at the time of his birth, which positioned them in a technically skilled but economically volatile environment. The transcript notes that Russia during the early 1990s was marked by significant economic challenges, including hyperinflation and a general state of disarray following the dissolution of the Soviet Union. This resulted in hardships for many families, including potentially Vitalik is, though specific details on their personal economic conditions are not detailed in the excerpt provided. This backdrop of economic instability and the opportunities in the field of computer science that his parents were involved in likely influenced Vitalik is early exposure to technology and shaped some of his later interests in cryptography and decentralized systems, culminating in his development of Ethereum.",multi_hop,"[Generator LLM not configured]

Most relevant transcript passage:

much every dimension. The most obvious dimension is that unlike Satoshi, he uses his real name. There is no username. The name, like everybody else, smokes too much. There was a user, smokes too much that had posted into the forum. This new user is just simply, Vitalik Buterin. Ben: Right there. Right on the line and saying, forever, you will know me by my name. I'll be a public person. I'll be a figure that will identify with all of my comments. Whether for good and for bad, for being vulnerable, but also for galvanizing a movement, this real name tied to my real identity is how I will do that. David: Real name, no gimmicks, Vitalik Buterin. Who is this character? When literally almost everybody else in Bitcoin land and crypto land at the time is using a pseudonym, why is he willing to us",0.0,0.865896633549133,False
