question,human_answer,ai_answer_without_the_transcript,ai_answer_without_transcript_correctness,ai_answer_with_the_transcript,ai_answer_with_the_transcript_correctness,quality_rating_for_answer_with_transcript,post_url,file_name,question_word_count,human_answer_word_count,ai_answer_without_the_transcript_word_count,ai_answer_with_the_transcript_word_count,question_clean,human_answer_clean,ai_answer_without_the_transcript_clean,ai_answer_with_the_transcript_clean,question_type,rag_generated_answer,hallucination_proxy_rate,faithfulness,low_confidence_flag,top1_retrieval_score
What was argument before Vtalik's presentation in Miami?,"Argument between Gavin and Anthony, to include Gavin as co-founder","Before Vitalik Buterin's presentation in Miami, where he introduced Ethereum to a broader audience at the Bitcoin Conference in 2014, there was a significant internal debate among the project's initial founders and contributors about the future organizational structure and funding of Ethereum.

The core argument revolved around whether Ethereum should be structured as a for-profit enterprise or a non-profit foundation. Some of the project's early backers and contributors, including some who saw a significant commercial potential, favored a traditional business model that could potentially offer a return on investment through equity or direct revenue streams. They advocated for raising funds through venture capital and other traditional forms of startup funding.

On the other hand, others, including Vitalik himself, believed that a non-profit foundation model was more in line with the decentralized and open-source nature of blockchain technology. This group argued that Ethereum should focus on broader community involvement and open development rather than prioritizing profit motives. They favored funding the project through a public crowd sale (ICO) of Ether, the native token of the Ethereum network, which would also help to distribute the governance and benefits more broadly across the community.

This debate was crucial as it set the stage for how Ethereum would be developed and governed in its formative years, influencing the project's philosophy, development approach, and its broader adoption within the crypto community.",PARTIAL,"Before Vitalik's presentation in Miami, the argument within the Ethereum team centered on how the organization should be structured-specifically, whether to set it up as a for-profit company or as a non-profit foundation. This debate was crucial as it would determine the operational, financial, and legal strategies moving forward, impacting how Ethereum would raise funds and operate within the regulatory environment.

Some members, like Charles Hoskinson and Anthony Di Iorio, favored a for-profit entity that could leverage venture capital investment, aiming to build a commercially viable enterprise. Others, including Vitalik Buterin and Mihai Alisie, argued for a non-profit foundation model to keep the project aligned with the broader principles of decentralization and open-source community engagement.

The tension was high, reflecting deep divisions in vision and approach among the founding members, which ultimately needed to be resolved to move forward with Ethereum's development and public introduction.",PARTIAL,3.0,https://www.acquired.fm/episodes/ethereum,ethereum_with_packy_mccormick,8,10,226,145,What was argument before Vtalik is presentation in Miami?,"Argument between Gavin and Anthony, to include Gavin as co-founder","Before Vitalik Buterin is presentation in Miami, where he introduced Ethereum to a broader audience at the Bitcoin Conference in 2014, there was a significant internal debate among the project is initial founders and contributors about the future organizational structure and funding of Ethereum. The core argument revolved around whether Ethereum should be structured as a for-profit enterprise or a non-profit foundation. Some of the project is early backers and contributors, including some who saw a significant commercial potential, favored a traditional business model that could potentially offer a return on investment through equity or direct revenue streams. They advocated for raising funds through venture capital and other traditional forms of startup funding. On the other hand, others, including Vitalik himself, believed that a non-profit foundation model was more in line with the decentralized and open-source nature of blockchain technology. This group argued that Ethereum should focus on broader community involvement and open development rather than prioritizing profit motives. They favored funding the project through a public crowd sale (ICO) of Ether, the native token of the Ethereum network, which would also help to distribute the governance and benefits more broadly across the community. This debate was crucial as it set the stage for how Ethereum would be developed and governed in its formative years, influencing the project is philosophy, development approach, and its broader adoption within the crypto community.","Before Vitalik is presentation in Miami, the argument within the Ethereum team centered on how the organization should be structured-specifically, whether to set it up as a for-profit company or as a non-profit foundation. This debate was crucial as it would determine the operational, financial, and legal strategies moving forward, impacting how Ethereum would raise funds and operate within the regulatory environment. Some members, like Charles Hoskinson and Anthony Di Iorio, favored a for-profit entity that could leverage venture capital investment, aiming to build a commercially viable enterprise. Others, including Vitalik Buterin and Mihai Alisie, argued for a non-profit foundation model to keep the project aligned with the broader principles of decentralization and open-source community engagement. The tension was high, reflecting deep divisions in vision and approach among the founding members, which ultimately needed to be resolved to move forward with Ethereum is development and public introduction.",factual,"[Generator LLM not configured]

Most relevant transcript passage:

their own personal finances or financing these early days. Ben: It's not like there's ether to buy at this point. They're literally just spending money to cover the costs. David: Yup. They decided at the house that the original five will be co-founders of Ethereum, not Gavin, not Jeff, not Joe. The co-founders will get the largest personal stakes of ether in the pre-allocation before the network goes live. That's decided on the early first day at the house. Gavin's there, meanwhile, he had been coding. He's coding furiously at the house trying to get a test net up to demonstrate during Vitalik's presentation, and has his coding. He's looking around and he's like, dude, I'm the only one who actually knows how to build this thing here. Ben: What are all these other people doing? David: He st",0.0,0.8978301792960818,False,-8.19232177734375
Where did the issuance of the first banknotes originate?,England,China,INCORRECT,England,CORRECT,5.0,https://www.acquired.fm/episodes/bitcoin,bitcoin,9,1,1,1,Where did the issuance of the first banknotes originate?,England,China,England,factual,"[Generator LLM not configured]

Most relevant transcript passage:

piece of paper that lets you know I'm good for this gold. You can use this piece of paper, now you're good for that gold. David: Yup, at the bank. Then pretty quickly the government got involved. They're like, why don't we just keep the gold at our central bank, and then all these other banks in our jurisdiction can put out paper banknotes but it ultimately comes back to us then we don't have those metals going around, great. By the way, that also allowed them to inject money into the system and help finance their own spending as governments, but we'll get to all that later. From banknotes, it wasn't a big leap to check, which the banks would create on special tamper-proof templates and paper that would then come back to the banks for verification. Ben: Tamper-resistant paper. David: Yeah,",0.0,0.9040386471989618,False,-7.4775495529174805
Which was one of the first free email services?,Juno was one of the first free email services.,One of the first free email services was Hotmail. It was founded by Sabeer Bhatia and Jack Smith and launched in 1996. Hotmail was notable for being one of the first webmail services that could be accessed from any web browser at a time when personal email was typically tied to specific internet service providers. Hotmail was later acquired by Microsoft in 1997 and eventually became part of the MSN suite of services.,INCORRECT,"The transcript mentions Juno as one of the first free email services. Juno was an early email service provider that was eventually merged with NetZero, another internet service provider.",CORRECT,4.0,https://www.acquired.fm/episodes/amazon-com,amazoncom,9,9,73,29,Which was one of the first free email services?,Juno was one of the first free email services.,One of the first free email services was Hotmail. It was founded by Sabeer Bhatia and Jack Smith and launched in 1996. Hotmail was notable for being one of the first webmail services that could be accessed from any web browser at a time when personal email was typically tied to specific internet service providers. Hotmail was later acquired by Microsoft in 1997 and eventually became part of the MSN suite of services.,"The transcript mentions Juno as one of the first free email services. Juno was an early email service provider that was eventually merged with NetZero, another internet service provider.",factual,"[Generator LLM not configured]

Most relevant transcript passage:

in this field whatsoever. Having grown up learning how to program and being a very competent programmer at the time, I was just wondering to myself on what tools would help me do this fundraising better. I imagined if in my email I could see what people look like, where they were based, links to their recent tweets, links to their social profiles, then I would be able to authentically connect with that person and establish rapport so much better. Hence the idea behind Rapportive. I couldn’t find that product in the market so in about six weeks, I just sat down and build that first version. Ben: That was totally magical. I remember the first time I installed, the plugin was first for Gmail and then Chrome? What was the implementation of that? Rahul: It was in fact always a Chrome extension.",0.0,0.8628038595944281,False,-5.8104472160339355
What was the patent Heddy developed? Was it publicly available?,"Hedy teams up with her new Hollywood neighbor, a music composer named George Antheil.  With her ideas and his musical prowess, they developed a concept that they patent. They get issued a confidential patent that stays confidential for decades in the US military","Hedwig (Hedy) Lamarr, the famous actress and inventor, co-invented a technology called ""frequency-hopping spread spectrum"" with composer George Antheil. Their invention was initially intended as a secret communications system during World War II, especially to prevent the interception or jamming of radio-guided torpedoes.",PARTIAL,"Hedy Lamarr, along with composer George Antheil, developed a patent for a technology called ""frequency hopping."" This technology was initially designed as a way to prevent the jamming of radio signals during World War II, particularly for radio-guided torpedoes. The idea was that by rapidly switching the frequencies at which radio signals were transmitted, it would be harder for enemies to intercept or jam the signals.",CORRECT,5.0,https://www.acquired.fm/episodes/qualcomm,qualcomm,10,43,43,66,What was the patent Heddy developed? Was it publicly available?,"Hedy teams up with her new Hollywood neighbor, a music composer named George Antheil. With her ideas and his musical prowess, they developed a concept that they patent. They get issued a confidential patent that stays confidential for decades in the US military","Hedwig (Hedy) Lamarr, the famous actress and inventor, co-invented a technology called ""frequency-hopping spread spectrum"" with composer George Antheil. Their invention was initially intended as a secret communications system during World War II, especially to prevent the interception or jamming of radio-guided torpedoes.","Hedy Lamarr, along with composer George Antheil, developed a patent for a technology called ""frequency hopping."" This technology was initially designed as a way to prevent the jamming of radio signals during World War II, particularly for radio-guided torpedoes. The idea was that by rapidly switching the frequencies at which radio signals were transmitted, it would be harder for enemies to intercept or jam the signals.",factual,"[Generator LLM not configured]

Most relevant transcript passage:

side knows how to decode all of our messages. It individually subtracts all of our messages, which are layered all on top of each other off the very same digital signal until it basically has all of our messages spread apart. It disregards any of the ones that doesn't match the code that I'm looking for, that I'm listening for. And it says I just care about the message that came from Ben, which was 10010 or whatever code I just made up, and that's the schtick for CDMA. David: What these guys do, just this brilliant. They saw it, they had the background, they had everything. Right place, right time, and the business sense. They developed this, and they freaking patent it in 1986. Years before Qualcomm gets actually directly involved in the cellular industry at all, they patent the method an",0.0,0.8726633699888815,False,-5.7290754318237305
What is the New Look?,Look that celebrates life again after the WW2 created by Christian Dior house.,"The ""New Look"" refers to a revolutionary fashion style introduced by Christian Dior in 1947. This style marked a distinct departure from the fabric-conserving styles of World War II and aimed to bring back the luxurious and extravagant elements of women's fashion. Characterized by its ultra-feminine silhouette, the New Look featured rounded shoulders, a cinched waist, and a full, voluminous skirt. This silhouette emphasized an hourglass figure, representing a return to opulence and luxury in women's clothing.

The debut of the New Look was both celebrated for its aesthetic appeal and criticized for its perceived extravagance in a time still marked by post-war recovery. Despite the mixed reactions, it had a significant and lasting impact on fashion, influencing women's dress styles for years to come and reestablishing Paris as the center of the fashion world.
",CORRECT,"The ""New Look"" refers to a revolutionary fashion style introduced by Christian Dior in 1947, characterized by soft shoulders, nipped waists, and voluminous skirts that emphasized luxury and femininity, sharply contrasting the boxy, utilitarian styles of wartime fashion. This fashion collection was a radical departure from the wartime aesthetic, representing not only a new chapter for France but also for the fashion world globally. It utilized an extravagant amount of fabric and introduced exaggerated silhouettes that were seen as a repudiation of the previous era's restrictions and hardships.",CORRECT,5.0,https://www.acquired.fm/episodes/lvmh,lvmh,5,13,135,88,What is the New Look?,Look that celebrates life again after the WW2 created by Christian Dior house.,"The ""New Look"" refers to a revolutionary fashion style introduced by Christian Dior in 1947. This style marked a distinct departure from the fabric-conserving styles of World War II and aimed to bring back the luxurious and extravagant elements of women is fashion. Characterized by its ultra-feminine silhouette, the New Look featured rounded shoulders, a cinched waist, and a full, voluminous skirt. This silhouette emphasized an hourglass figure, representing a return to opulence and luxury in women is clothing. The debut of the New Look was both celebrated for its aesthetic appeal and criticized for its perceived extravagance in a time still marked by post-war recovery. Despite the mixed reactions, it had a significant and lasting impact on fashion, influencing women is dress styles for years to come and reestablishing Paris as the center of the fashion world.","The ""New Look"" refers to a revolutionary fashion style introduced by Christian Dior in 1947, characterized by soft shoulders, nipped waists, and voluminous skirts that emphasized luxury and femininity, sharply contrasting the boxy, utilitarian styles of wartime fashion. This fashion collection was a radical departure from the wartime aesthetic, representing not only a new chapter for France but also for the fashion world globally. It utilized an extravagant amount of fabric and introduced exaggerated silhouettes that were seen as a repudiation of the previous era is restrictions and hardships.",factual,"[Generator LLM not configured]

Most relevant transcript passage:

join Facebook. Ben: Which it turns out may actually be pretty good advice. I should be more succinct. Anytime there's a paradigm shift, it requires a leap of faith to become a true believer in the new thing. The earliest people that have to do that, there's the most upside for them because they get to be early to that thing which could accrue them reputation or actual shares and whatever the new thing is, but it requires that leap. So it's really easy when you are someone who's looking around and seeing other people become awakened to this new thing to have some shyster convince you that, oh, you should just become awakened to my new thing too. That looks a lot like the legit awakening that's going on with other people that's paying big dividends for them. Kevin: Right, and I get that. I t",0.0,0.8543377855623647,False,-5.2367682456970215
What is the Scandinavian connection to Qualcomm's early rise?,Nokia was one of the key early customers for ChatGPT and is a Finnish company.  ,"Qualcomm's early rise is notably connected to Scandinavian innovation through its adoption and promotion of Code Division Multiple Access (CDMA) technology. This connection primarily involves the significant influence of a Finnish engineer, Arto Salomaa, whose theoretical work on sequences was foundational to CDMA development.",CORRECT,"The Scandinavian connection to Qualcomm's early rise, as mentioned in the ""Acquired"" podcast, particularly relates to the influence of Finnish mathematician Arto Salomaa. His work on mathematical sequences and automata theory contributed foundational ideas that were significant in the development of sequence design crucial to CDMA (Code Division Multiple Access) technology.",CORRECT,5.0,https://www.acquired.fm/episodes/qualcomm,qualcomm,9,15,44,51,What is the Scandinavian connection to Qualcomm is early rise?,Nokia was one of the key early customers for ChatGPT and is a Finnish company.,"Qualcomm is early rise is notably connected to Scandinavian innovation through its adoption and promotion of Code Division Multiple Access (CDMA) technology. This connection primarily involves the significant influence of a Finnish engineer, Arto Salomaa, whose theoretical work on sequences was foundational to CDMA development.","The Scandinavian connection to Qualcomm is early rise, as mentioned in the ""Acquired"" podcast, particularly relates to the influence of Finnish mathematician Arto Salomaa. His work on mathematical sequences and automata theory contributed foundational ideas that were significant in the development of sequence design crucial to CDMA (Code Division Multiple Access) technology.",factual,"[Generator LLM not configured]

Most relevant transcript passage:

the licensing flywheel. There is a credible argument of why you want to keep them together. David: Qualcomm makes that argument explicitly. Ben: Totally. The not very credible argument is this thing's a cash cow and we want to keep our rich uncle around to make this a nice place to work. They have nine airplanes. It's a relatively cushy company from what I understand. David: San Diego is a very nice place. Ben: Yes. I do think the big picture is that the US government's patent system has granted Qualcomm a monopoly. This is one of the few things we've covered on the show where the business exists because of the US's regulatory system. They've basically said and then reaffirmed in a lot these rulings, you are allowed to capture a ton of value from this. There's so many good debates about wh",0.0,0.8416251456021507,False,-4.800215721130371
Where was the first customer of paloaltodelivery.com working at? what was he doing at Stanford?,"Leafly, the marijuana company;
A Visiting Author","
First paloaltodelivery.com customer: Stanford Law School graduate student.",INCORRECT,Worked at Leafly; visiting author at Stanford.,CORRECT,5.0,https://www.acquired.fm/episodes/doordash,doordash,15,7,8,7,Where was the first customer of paloaltodelivery.com working at? what was he doing at Stanford?,"Leafly, the marijuana company; A Visiting Author",First paloaltodelivery.com customer: Stanford Law School graduate student.,Worked at Leafly; visiting author at Stanford.,factual,"[Generator LLM not configured]

Most relevant transcript passage:

But if you're ordering delivery food, it was pizza. David: Yeah, that was it. It was Domino's, it was Papa John's, it was Pizza Hut. That's a crazy thing, too. They figured it out and nobody had made the leap yet (in the US at least) to hey, people like getting pizza delivery delivered to their house, they might also like other food getting delivered to their house, too. Ben: You got to think like pizza has to land itself better to a more regular-type of delivery than other food with more complex menus and stuff. For sure, we'll get into that but it's interesting to just think about, why was this so obvious, prevalent, and decades long for pizza companies and yet no one had really done it for other food categories? David: Well, I think there's a very specific answer about why DoorDash made",0.0,0.9097344676757346,False,-3.9927420616149902
What seminar did Sam Walton enroll himself in in poughkeepsie New York,IBM Computer Training Seminar ,"Sam Walton enrolled in a Dale Carnegie training seminar in Poughkeepsie, New York. This was particularly significant because it was during this time that he developed key skills in leadership, salesmanship, and communication. Walton has attributed much of his success in retail and his ability to connect with both employees and customers to the lessons he learned from this seminar.",INCORRECT,"Sam Walton enrolled in a Dale Carnegie seminar in Poughkeepsie, New York. This seminar, focused on public speaking and self-improvement, was a pivotal point for Walton as it helped him overcome his fear of speaking in public",INCORRECT,0.0,https://www.acquired.fm/episodes/walmart,walmart,12,4,60,37,What seminar did Sam Walton enroll himself in in poughkeepsie New York,IBM Computer Training Seminar,"Sam Walton enrolled in a Dale Carnegie training seminar in Poughkeepsie, New York. This was particularly significant because it was during this time that he developed key skills in leadership, salesmanship, and communication. Walton has attributed much of his success in retail and his ability to connect with both employees and customers to the lessons he learned from this seminar.","Sam Walton enrolled in a Dale Carnegie seminar in Poughkeepsie, New York. This seminar, focused on public speaking and self-improvement, was a pivotal point for Walton as it helped him overcome his fear of speaking in public",factual,"[Generator LLM not configured]

Most relevant transcript passage:

out victorious. Later on in life, I think Kmart or whatever competition we were facing just became Jeff City High School, the team we played for the state championship in 1935. It never occurred to me that I might lose; to me, it was almost as if I had a right to win. Thinking like that often seems to turn into sort of a self-fulfilling prophecy."" Man, was that Sam Walton. Ben: There are two contrasting ideas that I've heard different VCs and different founders espouse on both sides. One is you learn from your mistakes and you learn from failure. The other is if all you've ever done in your entire career is being really high-performing in very successful environments, then that is all you know how to do and that's the bar that you hold yourself to. I think there's total merit to both. Davi",0.0,0.8640834006685533,False,-3.7116622924804688
How did Brooks Running approach to market segmentation give it a competitive advantage?,"It gained competitive advantage by strategically focusing on the needs of dedicated runners. This dedicated focus allowed the company to develop highly specialized products that meet the specific needs of the customers, which built a strong brand loyalty and solid reputation in the running community. ","Brooks Running's approach to market segmentation has provided a substantial competitive advantage by allowing the company to specifically target and cater to the needs of runners, creating a strong niche in a crowded market. HereÔs how they've effectively segmented the market to their advantage:

Focus on Serious Runners: Brooks differentiates itself by focusing predominantly on serious and dedicated runners rather than the casual athletic wear market. This specialization allows for deeper insight into what these consumers need and want in running gear, leading to products that are highly tailored and superior in performance for running enthusiasts.
Product Differentiation: Within the running community, Brooks segments its offerings by the type of runner and their specific needs-catering to different running styles, environments, and preferences. For example, they offer shoes designed for trail versus road running, various levels of cushioning, and options for different foot types and running gaits. This level of specificity in product design and marketing enables them to meet more precise customer needs than competitors who might adopt a one-size-fits-all approach.
Technological Advancements: Brooks leverages technology not only in product development but also in understanding and segmenting their market. They utilize customer data and feedback to continually refine their product offerings and marketing strategies. This data-driven approach helps them stay attuned to the evolving needs of their target segments.
Geographic Segmentation: Brooks has also strategically segmented its market geographically. By understanding regional preferences and running conditions, they can tailor their products and marketing efforts to fit the specific characteristics and demands of runners in different parts of the world.
Demographic and Psychographic Segmentation: Beyond just geographic and behavioral aspects, Brooks looks at demographic (age, gender, income levels) and psychographic (lifestyle, values, attitudes) factors to fine-tune their offerings. For instance, they market different product lines to younger, trend-conscious runners compared to more mature, performance-focused athletes.
Community and Event Engagement: Brooks has effectively used community engagement as a form of market segmentation, aligning itself with running events, clubs, and community groups. This not only boosts brand visibility but also provides them with direct access to their core market, fostering brand loyalty and allowing for real-time feedback and engagement.
By employing these sophisticated segmentation strategies, Brooks Running is able to effectively address the unique needs of diverse runner segments, creating products that are highly appreciated by their target audience. This focused approach helps them stand out in the market, maintain strong customer loyalty, and continue to grow in a competitive industry.",CORRECT,"Brooks Running's approach to market segmentation focused exclusively on performance running shoes for active runners, which gave it a significant competitive advantage. This strategic decision involved discontinuing all other product lines that did not serve the core market of dedicated runners. By concentrating solely on this segment, Brooks was able to specialize and innovate specifically in performance running, which appealed strongly to its target consumers.

This focused strategy allowed Brooks to differentiate itself in a crowded market dominated by larger brands that offered a broader range of athletic products. Most competitors were producing shoes for multiple sports or were engaged in mass-market consumer targeting. In contrast, Brooks dedicated all its resources to understanding and meeting the specific needs of runners, from casual joggers to marathon participants.

This intense focus on a single consumer segment enabled Brooks to develop deep expertise in running technology, shoe performance, and customer preferences, which in turn led to the creation of highly specialized products that resonated well with its audience. The strategy not only improved product quality and brand loyalty but also positioned Brooks as an expert in running, garnering a reputation as a top choice among serious runners.

Moreover, by avoiding the ""everything to everyone"" approach and not diluting its brand across multiple sports, Brooks could concentrate its marketing efforts and resources, enhancing its visibility and appeal within the running community. This strategic market segmentation fostered a strong brand identity and community around Brooks, which was crucial for its growth and success in the highly competitive athletic footwear market...",CORRECT,5.0,https://www.acquired.fm/episodes/arena-show-part-ii-brooks-running-with-ceo-jim-weber,arena_show_part_ii_brooks_running_with_ceo_jim_weber,13,45,408,255,How did Brooks Running approach to market segmentation give it a competitive advantage?,"It gained competitive advantage by strategically focusing on the needs of dedicated runners. This dedicated focus allowed the company to develop highly specialized products that meet the specific needs of the customers, which built a strong brand loyalty and solid reputation in the running community.","Brooks Running is approach to market segmentation has provided a substantial competitive advantage by allowing the company to specifically target and cater to the needs of runners, creating a strong niche in a crowded market. HereÔs how they have effectively segmented the market to their advantage: Focus on Serious Runners: Brooks differentiates itself by focusing predominantly on serious and dedicated runners rather than the casual athletic wear market. This specialization allows for deeper insight into what these consumers need and want in running gear, leading to products that are highly tailored and superior in performance for running enthusiasts. Product Differentiation: Within the running community, Brooks segments its offerings by the type of runner and their specific needs-catering to different running styles, environments, and preferences. For example, they offer shoes designed for trail versus road running, various levels of cushioning, and options for different foot types and running gaits. This level of specificity in product design and marketing enables them to meet more precise customer needs than competitors who might adopt a one-size-fits-all approach. Technological Advancements: Brooks leverages technology not only in product development but also in understanding and segmenting their market. They utilize customer data and feedback to continually refine their product offerings and marketing strategies. This data-driven approach helps them stay attuned to the evolving needs of their target segments. Geographic Segmentation: Brooks has also strategically segmented its market geographically. By understanding regional preferences and running conditions, they can tailor their products and marketing efforts to fit the specific characteristics and demands of runners in different parts of the world. Demographic and Psychographic Segmentation: Beyond just geographic and behavioral aspects, Brooks looks at demographic (age, gender, income levels) and psychographic (lifestyle, values, attitudes) factors to fine-tune their offerings. For instance, they market different product lines to younger, trend-conscious runners compared to more mature, performance-focused athletes. Community and Event Engagement: Brooks has effectively used community engagement as a form of market segmentation, aligning itself with running events, clubs, and community groups. This not only boosts brand visibility but also provides them with direct access to their core market, fostering brand loyalty and allowing for real-time feedback and engagement. By employing these sophisticated segmentation strategies, Brooks Running is able to effectively address the unique needs of diverse runner segments, creating products that are highly appreciated by their target audience. This focused approach helps them stand out in the market, maintain strong customer loyalty, and continue to grow in a competitive industry.","Brooks Running is approach to market segmentation focused exclusively on performance running shoes for active runners, which gave it a significant competitive advantage. This strategic decision involved discontinuing all other product lines that did not serve the core market of dedicated runners. By concentrating solely on this segment, Brooks was able to specialize and innovate specifically in performance running, which appealed strongly to its target consumers. This focused strategy allowed Brooks to differentiate itself in a crowded market dominated by larger brands that offered a broader range of athletic products. Most competitors were producing shoes for multiple sports or were engaged in mass-market consumer targeting. In contrast, Brooks dedicated all its resources to understanding and meeting the specific needs of runners, from casual joggers to marathon participants. This intense focus on a single consumer segment enabled Brooks to develop deep expertise in running technology, shoe performance, and customer preferences, which in turn led to the creation of highly specialized products that resonated well with its audience. The strategy not only improved product quality and brand loyalty but also positioned Brooks as an expert in running, garnering a reputation as a top choice among serious runners. Moreover, by avoiding the ""everything to everyone"" approach and not diluting its brand across multiple sports, Brooks could concentrate its marketing efforts and resources, enhancing its visibility and appeal within the running community. This strategic market segmentation fostered a strong brand identity and community around Brooks, which was crucial for its growth and success in the highly competitive athletic footwear market...",causal,"[Generator LLM not configured]

Most relevant transcript passage:

sponsorship, the campaign. It's not about the shoes, it's about the halo. Ben: Despite that going really well for them in 2018, they did just have a whole bunch of other controversies. Big me-too issues at the executive level, the person that everyone thought was going to be the CEO and next after Mark Parker, and many of his people around him were shown the exit. There was the whole Oregon project. That's their competitive running group with doping and all the alleged abuse going on there. Coming out of 2019, they really did just need to clean things up and right the ship. It was very fortunate that while all of this was going on, their big competitors were all screwing up. Especially going into Covid, none of their competitors figured it out. There's these smaller shoe brands. If you loo",0.0,0.7595252628101904,False,-3.2085254192352295
What metrics did FTX judge itself by?,"Become the biggest crypto exchange, did we succeed in getting retail users, did we expand beyond crypto.","Sam Bankman-Fried highlighted metrics such as trading volume, liquidity, user growth, market share, innovation, and regulatory compliance to judge FTX's performance.",PARTIAL,"FTX judged itself by becoming the largest crypto exchange, retail user market penetration, expansion beyond crypto, regulatory standing, and continuous innovation .",CORRECT,4.0,https://www.acquired.fm/episodes/ftx-with-sam-bankman-fried-mario-gabriele,ftx_with_sam_bankmanfried_mario_gabriele,7,17,21,22,What metrics did FTX judge itself by?,"Become the biggest crypto exchange, did we succeed in getting retail users, did we expand beyond crypto.","Sam Bankman-Fried highlighted metrics such as trading volume, liquidity, user growth, market share, innovation, and regulatory compliance to judge FTX is performance.","FTX judged itself by becoming the largest crypto exchange, retail user market penetration, expansion beyond crypto, regulatory standing, and continuous innovation .",factual,"[Generator LLM not configured]

Most relevant transcript passage:

FTX. This is a nutso list. I mean, Blackrock, IVP, Sequoia Capital, SoftBank, Race Capital, Binance. There are 30 firms and it's like the who's who. So your fundraise, once you decide, oh, we're starting a company called FTX and it's an exchange for crypto derivative products. This seems to go very well, very quickly, as opposed to Alameda, which seemed like kind of a grind to get off the ground. Sam: Why is that? I think there are a lot of things that went into it. I think, eventually, a story that convinced them was that FTX would be exciting and convinced a lot of people. It just passed diligence. The more diligence you did on it, the more it seems like, oh, that kind of checks out or like, look, the existing exchanges have serious issues, and people looking to like, yeah, okay. We've t",0.0,0.8778691131226489,False,-2.9300832748413086
